--
-- PostgreSQL database dump
--

-- Dumped from database version 12.4
-- Dumped by pg_dump version 14.5

-- Started on 2025-02-04 14:33:00

SET statement_timeout = 0;
SET lock_timeout = 0;
SET idle_in_transaction_session_timeout = 0;
SET client_encoding = 'UTF8';
SET standard_conforming_strings = on;
SELECT pg_catalog.set_config('search_path', '', false);
SET check_function_bodies = false;
SET xmloption = content;
SET client_min_messages = warning;
SET row_security = off;

DROP DATABASE dbpropiedades;
--
-- TOC entry 3004 (class 1262 OID 236599)
-- Name: dbpropiedades; Type: DATABASE; Schema: -; Owner: admin
--

CREATE DATABASE dbpropiedades WITH TEMPLATE = template0 ENCODING = 'UTF8' LOCALE = 'Spanish_Peru.1252';


ALTER DATABASE dbpropiedades OWNER TO admin;

\connect dbpropiedades

SET statement_timeout = 0;
SET lock_timeout = 0;
SET idle_in_transaction_session_timeout = 0;
SET client_encoding = 'UTF8';
SET standard_conforming_strings = on;
SELECT pg_catalog.set_config('search_path', '', false);
SET check_function_bodies = false;
SET xmloption = content;
SET client_min_messages = warning;
SET row_security = off;

SET default_tablespace = '';

SET default_table_access_method = heap;

--
-- TOC entry 209 (class 1259 OID 236628)
-- Name: auth_group; Type: TABLE; Schema: public; Owner: admin
--

CREATE TABLE public.auth_group (
    id integer NOT NULL,
    name character varying(150) NOT NULL
);


ALTER TABLE public.auth_group OWNER TO admin;

--
-- TOC entry 208 (class 1259 OID 236626)
-- Name: auth_group_id_seq; Type: SEQUENCE; Schema: public; Owner: admin
--

ALTER TABLE public.auth_group ALTER COLUMN id ADD GENERATED BY DEFAULT AS IDENTITY (
    SEQUENCE NAME public.auth_group_id_seq
    START WITH 1
    INCREMENT BY 1
    NO MINVALUE
    NO MAXVALUE
    CACHE 1
);


--
-- TOC entry 211 (class 1259 OID 236637)
-- Name: auth_group_permissions; Type: TABLE; Schema: public; Owner: admin
--

CREATE TABLE public.auth_group_permissions (
    id bigint NOT NULL,
    group_id integer NOT NULL,
    permission_id integer NOT NULL
);


ALTER TABLE public.auth_group_permissions OWNER TO admin;

--
-- TOC entry 210 (class 1259 OID 236635)
-- Name: auth_group_permissions_id_seq; Type: SEQUENCE; Schema: public; Owner: admin
--

ALTER TABLE public.auth_group_permissions ALTER COLUMN id ADD GENERATED BY DEFAULT AS IDENTITY (
    SEQUENCE NAME public.auth_group_permissions_id_seq
    START WITH 1
    INCREMENT BY 1
    NO MINVALUE
    NO MAXVALUE
    CACHE 1
);


--
-- TOC entry 207 (class 1259 OID 236621)
-- Name: auth_permission; Type: TABLE; Schema: public; Owner: admin
--

CREATE TABLE public.auth_permission (
    id integer NOT NULL,
    name character varying(255) NOT NULL,
    content_type_id integer NOT NULL,
    codename character varying(100) NOT NULL
);


ALTER TABLE public.auth_permission OWNER TO admin;

--
-- TOC entry 206 (class 1259 OID 236619)
-- Name: auth_permission_id_seq; Type: SEQUENCE; Schema: public; Owner: admin
--

ALTER TABLE public.auth_permission ALTER COLUMN id ADD GENERATED BY DEFAULT AS IDENTITY (
    SEQUENCE NAME public.auth_permission_id_seq
    START WITH 1
    INCREMENT BY 1
    NO MINVALUE
    NO MAXVALUE
    CACHE 1
);


--
-- TOC entry 213 (class 1259 OID 236644)
-- Name: auth_user; Type: TABLE; Schema: public; Owner: admin
--

CREATE TABLE public.auth_user (
    id integer NOT NULL,
    password character varying(128) NOT NULL,
    last_login timestamp with time zone,
    is_superuser boolean NOT NULL,
    username character varying(150) NOT NULL,
    first_name character varying(150) NOT NULL,
    last_name character varying(150) NOT NULL,
    email character varying(254) NOT NULL,
    is_staff boolean NOT NULL,
    is_active boolean NOT NULL,
    date_joined timestamp with time zone NOT NULL
);


ALTER TABLE public.auth_user OWNER TO admin;

--
-- TOC entry 215 (class 1259 OID 236653)
-- Name: auth_user_groups; Type: TABLE; Schema: public; Owner: admin
--

CREATE TABLE public.auth_user_groups (
    id bigint NOT NULL,
    user_id integer NOT NULL,
    group_id integer NOT NULL
);


ALTER TABLE public.auth_user_groups OWNER TO admin;

--
-- TOC entry 214 (class 1259 OID 236651)
-- Name: auth_user_groups_id_seq; Type: SEQUENCE; Schema: public; Owner: admin
--

ALTER TABLE public.auth_user_groups ALTER COLUMN id ADD GENERATED BY DEFAULT AS IDENTITY (
    SEQUENCE NAME public.auth_user_groups_id_seq
    START WITH 1
    INCREMENT BY 1
    NO MINVALUE
    NO MAXVALUE
    CACHE 1
);


--
-- TOC entry 212 (class 1259 OID 236642)
-- Name: auth_user_id_seq; Type: SEQUENCE; Schema: public; Owner: admin
--

ALTER TABLE public.auth_user ALTER COLUMN id ADD GENERATED BY DEFAULT AS IDENTITY (
    SEQUENCE NAME public.auth_user_id_seq
    START WITH 1
    INCREMENT BY 1
    NO MINVALUE
    NO MAXVALUE
    CACHE 1
);


--
-- TOC entry 217 (class 1259 OID 236660)
-- Name: auth_user_user_permissions; Type: TABLE; Schema: public; Owner: admin
--

CREATE TABLE public.auth_user_user_permissions (
    id bigint NOT NULL,
    user_id integer NOT NULL,
    permission_id integer NOT NULL
);


ALTER TABLE public.auth_user_user_permissions OWNER TO admin;

--
-- TOC entry 216 (class 1259 OID 236658)
-- Name: auth_user_user_permissions_id_seq; Type: SEQUENCE; Schema: public; Owner: admin
--

ALTER TABLE public.auth_user_user_permissions ALTER COLUMN id ADD GENERATED BY DEFAULT AS IDENTITY (
    SEQUENCE NAME public.auth_user_user_permissions_id_seq
    START WITH 1
    INCREMENT BY 1
    NO MINVALUE
    NO MAXVALUE
    CACHE 1
);


--
-- TOC entry 228 (class 1259 OID 244841)
-- Name: core_movimientos; Type: TABLE; Schema: public; Owner: admin
--

CREATE TABLE public.core_movimientos (
    id bigint NOT NULL,
    libro character varying(255) NOT NULL,
    acto character varying(255) NOT NULL,
    "numero_Inscripcion" integer NOT NULL,
    fecha_inscripcion date NOT NULL,
    folio_inicial character varying(255) NOT NULL,
    "Propiedad_id" bigint
);


ALTER TABLE public.core_movimientos OWNER TO admin;

--
-- TOC entry 227 (class 1259 OID 244839)
-- Name: core_movimientos_id_seq; Type: SEQUENCE; Schema: public; Owner: admin
--

ALTER TABLE public.core_movimientos ALTER COLUMN id ADD GENERATED BY DEFAULT AS IDENTITY (
    SEQUENCE NAME public.core_movimientos_id_seq
    START WITH 1
    INCREMENT BY 1
    NO MINVALUE
    NO MAXVALUE
    CACHE 1
);


--
-- TOC entry 224 (class 1259 OID 244803)
-- Name: core_propiedades; Type: TABLE; Schema: public; Owner: admin
--

CREATE TABLE public.core_propiedades (
    id bigint NOT NULL,
    bien_inmueble character varying(255) NOT NULL,
    ubicacion character varying(255),
    area character varying(255),
    solicitante_id bigint NOT NULL,
    estado character varying(69),
    codigo_interno character varying(255),
    archivo_pdf character varying(100)
);


ALTER TABLE public.core_propiedades OWNER TO admin;

--
-- TOC entry 223 (class 1259 OID 244801)
-- Name: core_propiedades_id_seq; Type: SEQUENCE; Schema: public; Owner: admin
--

ALTER TABLE public.core_propiedades ALTER COLUMN id ADD GENERATED BY DEFAULT AS IDENTITY (
    SEQUENCE NAME public.core_propiedades_id_seq
    START WITH 1
    INCREMENT BY 1
    NO MINVALUE
    NO MAXVALUE
    CACHE 1
);


--
-- TOC entry 226 (class 1259 OID 244819)
-- Name: core_registro; Type: TABLE; Schema: public; Owner: admin
--

CREATE TABLE public.core_registro (
    id bigint NOT NULL,
    titulo character varying(255) NOT NULL,
    fecha_inscripcion date NOT NULL,
    "Numero_Inscripcion" integer NOT NULL,
    oficina_guarda_original character varying(255) NOT NULL,
    nombre_canton character varying(255),
    observaciones text,
    fecha_resolucion date NOT NULL,
    administrador_id integer NOT NULL,
    solicitante_id bigint
);


ALTER TABLE public.core_registro OWNER TO admin;

--
-- TOC entry 225 (class 1259 OID 244817)
-- Name: core_registro_id_seq; Type: SEQUENCE; Schema: public; Owner: admin
--

ALTER TABLE public.core_registro ALTER COLUMN id ADD GENERATED BY DEFAULT AS IDENTITY (
    SEQUENCE NAME public.core_registro_id_seq
    START WITH 1
    INCREMENT BY 1
    NO MINVALUE
    NO MAXVALUE
    CACHE 1
);


--
-- TOC entry 222 (class 1259 OID 244793)
-- Name: core_solicitante; Type: TABLE; Schema: public; Owner: admin
--

CREATE TABLE public.core_solicitante (
    id bigint NOT NULL,
    nombre character varying(255) NOT NULL,
    apellido character varying(255) NOT NULL,
    cedula character varying(10) NOT NULL,
    tipo_solicitud character varying(10) NOT NULL,
    usuario_id integer
);


ALTER TABLE public.core_solicitante OWNER TO admin;

--
-- TOC entry 221 (class 1259 OID 244791)
-- Name: core_solicitante_id_seq; Type: SEQUENCE; Schema: public; Owner: admin
--

ALTER TABLE public.core_solicitante ALTER COLUMN id ADD GENERATED BY DEFAULT AS IDENTITY (
    SEQUENCE NAME public.core_solicitante_id_seq
    START WITH 1
    INCREMENT BY 1
    NO MINVALUE
    NO MAXVALUE
    CACHE 1
);


--
-- TOC entry 219 (class 1259 OID 236719)
-- Name: django_admin_log; Type: TABLE; Schema: public; Owner: admin
--

CREATE TABLE public.django_admin_log (
    id integer NOT NULL,
    action_time timestamp with time zone NOT NULL,
    object_id text,
    object_repr character varying(200) NOT NULL,
    action_flag smallint NOT NULL,
    change_message text NOT NULL,
    content_type_id integer,
    user_id integer NOT NULL,
    CONSTRAINT django_admin_log_action_flag_check CHECK ((action_flag >= 0))
);


ALTER TABLE public.django_admin_log OWNER TO admin;

--
-- TOC entry 218 (class 1259 OID 236717)
-- Name: django_admin_log_id_seq; Type: SEQUENCE; Schema: public; Owner: admin
--

ALTER TABLE public.django_admin_log ALTER COLUMN id ADD GENERATED BY DEFAULT AS IDENTITY (
    SEQUENCE NAME public.django_admin_log_id_seq
    START WITH 1
    INCREMENT BY 1
    NO MINVALUE
    NO MAXVALUE
    CACHE 1
);


--
-- TOC entry 205 (class 1259 OID 236612)
-- Name: django_content_type; Type: TABLE; Schema: public; Owner: admin
--

CREATE TABLE public.django_content_type (
    id integer NOT NULL,
    app_label character varying(100) NOT NULL,
    model character varying(100) NOT NULL
);


ALTER TABLE public.django_content_type OWNER TO admin;

--
-- TOC entry 204 (class 1259 OID 236610)
-- Name: django_content_type_id_seq; Type: SEQUENCE; Schema: public; Owner: admin
--

ALTER TABLE public.django_content_type ALTER COLUMN id ADD GENERATED BY DEFAULT AS IDENTITY (
    SEQUENCE NAME public.django_content_type_id_seq
    START WITH 1
    INCREMENT BY 1
    NO MINVALUE
    NO MAXVALUE
    CACHE 1
);


--
-- TOC entry 203 (class 1259 OID 236602)
-- Name: django_migrations; Type: TABLE; Schema: public; Owner: admin
--

CREATE TABLE public.django_migrations (
    id bigint NOT NULL,
    app character varying(255) NOT NULL,
    name character varying(255) NOT NULL,
    applied timestamp with time zone NOT NULL
);


ALTER TABLE public.django_migrations OWNER TO admin;

--
-- TOC entry 202 (class 1259 OID 236600)
-- Name: django_migrations_id_seq; Type: SEQUENCE; Schema: public; Owner: admin
--

ALTER TABLE public.django_migrations ALTER COLUMN id ADD GENERATED BY DEFAULT AS IDENTITY (
    SEQUENCE NAME public.django_migrations_id_seq
    START WITH 1
    INCREMENT BY 1
    NO MINVALUE
    NO MAXVALUE
    CACHE 1
);


--
-- TOC entry 220 (class 1259 OID 236784)
-- Name: django_session; Type: TABLE; Schema: public; Owner: admin
--

CREATE TABLE public.django_session (
    session_key character varying(40) NOT NULL,
    session_data text NOT NULL,
    expire_date timestamp with time zone NOT NULL
);


ALTER TABLE public.django_session OWNER TO admin;

--
-- TOC entry 2979 (class 0 OID 236628)
-- Dependencies: 209
-- Data for Name: auth_group; Type: TABLE DATA; Schema: public; Owner: admin
--



--
-- TOC entry 2981 (class 0 OID 236637)
-- Dependencies: 211
-- Data for Name: auth_group_permissions; Type: TABLE DATA; Schema: public; Owner: admin
--



--
-- TOC entry 2977 (class 0 OID 236621)
-- Dependencies: 207
-- Data for Name: auth_permission; Type: TABLE DATA; Schema: public; Owner: admin
--

INSERT INTO public.auth_permission (id, name, content_type_id, codename) VALUES (1, 'Can add log entry', 1, 'add_logentry');
INSERT INTO public.auth_permission (id, name, content_type_id, codename) VALUES (2, 'Can change log entry', 1, 'change_logentry');
INSERT INTO public.auth_permission (id, name, content_type_id, codename) VALUES (3, 'Can delete log entry', 1, 'delete_logentry');
INSERT INTO public.auth_permission (id, name, content_type_id, codename) VALUES (4, 'Can view log entry', 1, 'view_logentry');
INSERT INTO public.auth_permission (id, name, content_type_id, codename) VALUES (5, 'Can add permission', 2, 'add_permission');
INSERT INTO public.auth_permission (id, name, content_type_id, codename) VALUES (6, 'Can change permission', 2, 'change_permission');
INSERT INTO public.auth_permission (id, name, content_type_id, codename) VALUES (7, 'Can delete permission', 2, 'delete_permission');
INSERT INTO public.auth_permission (id, name, content_type_id, codename) VALUES (8, 'Can view permission', 2, 'view_permission');
INSERT INTO public.auth_permission (id, name, content_type_id, codename) VALUES (9, 'Can add group', 3, 'add_group');
INSERT INTO public.auth_permission (id, name, content_type_id, codename) VALUES (10, 'Can change group', 3, 'change_group');
INSERT INTO public.auth_permission (id, name, content_type_id, codename) VALUES (11, 'Can delete group', 3, 'delete_group');
INSERT INTO public.auth_permission (id, name, content_type_id, codename) VALUES (12, 'Can view group', 3, 'view_group');
INSERT INTO public.auth_permission (id, name, content_type_id, codename) VALUES (13, 'Can add user', 4, 'add_user');
INSERT INTO public.auth_permission (id, name, content_type_id, codename) VALUES (14, 'Can change user', 4, 'change_user');
INSERT INTO public.auth_permission (id, name, content_type_id, codename) VALUES (15, 'Can delete user', 4, 'delete_user');
INSERT INTO public.auth_permission (id, name, content_type_id, codename) VALUES (16, 'Can view user', 4, 'view_user');
INSERT INTO public.auth_permission (id, name, content_type_id, codename) VALUES (17, 'Can add content type', 5, 'add_contenttype');
INSERT INTO public.auth_permission (id, name, content_type_id, codename) VALUES (18, 'Can change content type', 5, 'change_contenttype');
INSERT INTO public.auth_permission (id, name, content_type_id, codename) VALUES (19, 'Can delete content type', 5, 'delete_contenttype');
INSERT INTO public.auth_permission (id, name, content_type_id, codename) VALUES (20, 'Can view content type', 5, 'view_contenttype');
INSERT INTO public.auth_permission (id, name, content_type_id, codename) VALUES (21, 'Can add session', 6, 'add_session');
INSERT INTO public.auth_permission (id, name, content_type_id, codename) VALUES (22, 'Can change session', 6, 'change_session');
INSERT INTO public.auth_permission (id, name, content_type_id, codename) VALUES (23, 'Can delete session', 6, 'delete_session');
INSERT INTO public.auth_permission (id, name, content_type_id, codename) VALUES (24, 'Can view session', 6, 'view_session');
INSERT INTO public.auth_permission (id, name, content_type_id, codename) VALUES (25, 'Can add propiedad', 7, 'add_propiedad');
INSERT INTO public.auth_permission (id, name, content_type_id, codename) VALUES (26, 'Can change propiedad', 7, 'change_propiedad');
INSERT INTO public.auth_permission (id, name, content_type_id, codename) VALUES (27, 'Can delete propiedad', 7, 'delete_propiedad');
INSERT INTO public.auth_permission (id, name, content_type_id, codename) VALUES (28, 'Can view propiedad', 7, 'view_propiedad');
INSERT INTO public.auth_permission (id, name, content_type_id, codename) VALUES (29, 'Can add compra', 8, 'add_compra');
INSERT INTO public.auth_permission (id, name, content_type_id, codename) VALUES (30, 'Can change compra', 8, 'change_compra');
INSERT INTO public.auth_permission (id, name, content_type_id, codename) VALUES (31, 'Can delete compra', 8, 'delete_compra');
INSERT INTO public.auth_permission (id, name, content_type_id, codename) VALUES (32, 'Can view compra', 8, 'view_compra');
INSERT INTO public.auth_permission (id, name, content_type_id, codename) VALUES (33, 'Can add propiedades', 9, 'add_propiedades');
INSERT INTO public.auth_permission (id, name, content_type_id, codename) VALUES (34, 'Can change propiedades', 9, 'change_propiedades');
INSERT INTO public.auth_permission (id, name, content_type_id, codename) VALUES (35, 'Can delete propiedades', 9, 'delete_propiedades');
INSERT INTO public.auth_permission (id, name, content_type_id, codename) VALUES (36, 'Can view propiedades', 9, 'view_propiedades');
INSERT INTO public.auth_permission (id, name, content_type_id, codename) VALUES (37, 'Can add solicitante', 10, 'add_solicitante');
INSERT INTO public.auth_permission (id, name, content_type_id, codename) VALUES (38, 'Can change solicitante', 10, 'change_solicitante');
INSERT INTO public.auth_permission (id, name, content_type_id, codename) VALUES (39, 'Can delete solicitante', 10, 'delete_solicitante');
INSERT INTO public.auth_permission (id, name, content_type_id, codename) VALUES (40, 'Can view solicitante', 10, 'view_solicitante');
INSERT INTO public.auth_permission (id, name, content_type_id, codename) VALUES (41, 'Can add registro', 11, 'add_registro');
INSERT INTO public.auth_permission (id, name, content_type_id, codename) VALUES (42, 'Can change registro', 11, 'change_registro');
INSERT INTO public.auth_permission (id, name, content_type_id, codename) VALUES (43, 'Can delete registro', 11, 'delete_registro');
INSERT INTO public.auth_permission (id, name, content_type_id, codename) VALUES (44, 'Can view registro', 11, 'view_registro');
INSERT INTO public.auth_permission (id, name, content_type_id, codename) VALUES (45, 'Can add movimientos', 12, 'add_movimientos');
INSERT INTO public.auth_permission (id, name, content_type_id, codename) VALUES (46, 'Can change movimientos', 12, 'change_movimientos');
INSERT INTO public.auth_permission (id, name, content_type_id, codename) VALUES (47, 'Can delete movimientos', 12, 'delete_movimientos');
INSERT INTO public.auth_permission (id, name, content_type_id, codename) VALUES (48, 'Can view movimientos', 12, 'view_movimientos');


--
-- TOC entry 2983 (class 0 OID 236644)
-- Dependencies: 213
-- Data for Name: auth_user; Type: TABLE DATA; Schema: public; Owner: admin
--

INSERT INTO public.auth_user (id, password, last_login, is_superuser, username, first_name, last_name, email, is_staff, is_active, date_joined) VALUES (6, 'pbkdf2_sha256$720000$mrunC2Gusc1NyfplokU3Xe$W+ZLW2rZrVpgFnjJM4UbAuR/XTcSXzRWxhXam1ImeZY=', '2025-02-02 21:11:53.365544-05', false, 'CARMEN', '', '', '', false, true, '2025-01-31 22:36:49.379593-05');
INSERT INTO public.auth_user (id, password, last_login, is_superuser, username, first_name, last_name, email, is_staff, is_active, date_joined) VALUES (1, 'pbkdf2_sha256$720000$ojfr5pmhYOhCJzvL5WjB0O$pwmqki4EmyZAg9hbT2WaaITd+7rV7iwolS//8pgPM5E=', '2025-02-03 18:22:20.679195-05', true, 'admin', '', '', '', true, true, '2025-01-27 15:58:46.308724-05');
INSERT INTO public.auth_user (id, password, last_login, is_superuser, username, first_name, last_name, email, is_staff, is_active, date_joined) VALUES (10, 'pbkdf2_sha256$720000$U1jGH9GTPykd8Xxb5QD84V$MntHDXbYoYIOiuNi3F8lJEJPABR3kg9tUzj/buoOCSc=', '2025-02-03 18:23:45.616189-05', false, 'luisperez', '', '', '', false, true, '2025-02-03 18:07:37.767678-05');
INSERT INTO public.auth_user (id, password, last_login, is_superuser, username, first_name, last_name, email, is_staff, is_active, date_joined) VALUES (7, 'pbkdf2_sha256$720000$Nyf47w1Y5u0kFxtfiRnoCK$up+O6XikXHVodu74BtJc4ACDwUcGDLON6VqYS/i1wpo=', '2025-02-02 21:38:56.635664-05', false, 'alberto', '', '', '', false, true, '2025-02-01 19:32:44.225044-05');
INSERT INTO public.auth_user (id, password, last_login, is_superuser, username, first_name, last_name, email, is_staff, is_active, date_joined) VALUES (3, 'pbkdf2_sha256$720000$z08xL3tlWbPaRidVy2RYLU$pLEEreEk6S00YzUCwUU6ZXqgICz4fmpFq/B9r3C0M+U=', '2025-02-02 22:07:02.838064-05', false, 'pedropepe', '', '', '', false, true, '2025-01-27 19:36:56.922118-05');
INSERT INTO public.auth_user (id, password, last_login, is_superuser, username, first_name, last_name, email, is_staff, is_active, date_joined) VALUES (2, 'pbkdf2_sha256$720000$7D3YPcJsRHwZFGIjU8yCSI$eQjZ6lERJZV4pdo6CT5cV32JIafoaK8Bj6ZryJhUVno=', '2025-02-02 22:30:12.451113-05', false, 'armandoruiz', '', '', '', false, true, '2025-01-27 19:10:27.967982-05');
INSERT INTO public.auth_user (id, password, last_login, is_superuser, username, first_name, last_name, email, is_staff, is_active, date_joined) VALUES (8, 'pbkdf2_sha256$720000$c9c9muiMzss7pfzrI0P3P9$IeHuvEs+4qDinkI0xK47BCs/xHE/j4k5QNL1yOn40P8=', '2025-02-02 22:35:46.278303-05', false, 'kary', '', '', '', false, true, '2025-02-02 14:53:49.094008-05');
INSERT INTO public.auth_user (id, password, last_login, is_superuser, username, first_name, last_name, email, is_staff, is_active, date_joined) VALUES (9, 'pbkdf2_sha256$720000$Bm91knbRfuQM7W8xYbCpWn$S/hQ/fH8OJ2jbGV7gIBHmNjSEp3Ql94CEig2SbAmm9U=', '2025-02-02 22:40:33.17286-05', false, 'yiny', '', '', '', false, true, '2025-02-02 15:12:12.561961-05');


--
-- TOC entry 2985 (class 0 OID 236653)
-- Dependencies: 215
-- Data for Name: auth_user_groups; Type: TABLE DATA; Schema: public; Owner: admin
--



--
-- TOC entry 2987 (class 0 OID 236660)
-- Dependencies: 217
-- Data for Name: auth_user_user_permissions; Type: TABLE DATA; Schema: public; Owner: admin
--



--
-- TOC entry 2998 (class 0 OID 244841)
-- Dependencies: 228
-- Data for Name: core_movimientos; Type: TABLE DATA; Schema: public; Owner: admin
--

INSERT INTO public.core_movimientos (id, libro, acto, "numero_Inscripcion", fecha_inscripcion, folio_inicial, "Propiedad_id") VALUES (9, '12333', '1332434', 1222, '2025-02-08', '1222', 4);
INSERT INTO public.core_movimientos (id, libro, acto, "numero_Inscripcion", fecha_inscripcion, folio_inicial, "Propiedad_id") VALUES (10, '12333', '122', 12, '2025-02-13', '122', 6);
INSERT INTO public.core_movimientos (id, libro, acto, "numero_Inscripcion", fecha_inscripcion, folio_inicial, "Propiedad_id") VALUES (11, '1222', '122', 122, '2025-02-27', '122', 5);
INSERT INTO public.core_movimientos (id, libro, acto, "numero_Inscripcion", fecha_inscripcion, folio_inicial, "Propiedad_id") VALUES (12, '12000', 'sur', 3324, '2025-02-20', '23234', 7);
INSERT INTO public.core_movimientos (id, libro, acto, "numero_Inscripcion", fecha_inscripcion, folio_inicial, "Propiedad_id") VALUES (13, '1234343', '3434', 13343, '2025-03-06', '122', 5);
INSERT INTO public.core_movimientos (id, libro, acto, "numero_Inscripcion", fecha_inscripcion, folio_inicial, "Propiedad_id") VALUES (14, '1200', 'SUR', 1200, '2025-02-07', '1200', 8);
INSERT INTO public.core_movimientos (id, libro, acto, "numero_Inscripcion", fecha_inscripcion, folio_inicial, "Propiedad_id") VALUES (15, '454545', '234343', 1222, '2025-02-20', '1222', 5);
INSERT INTO public.core_movimientos (id, libro, acto, "numero_Inscripcion", fecha_inscripcion, folio_inicial, "Propiedad_id") VALUES (16, '1222', '1222', 333, '2025-02-21', '1222', 4);
INSERT INTO public.core_movimientos (id, libro, acto, "numero_Inscripcion", fecha_inscripcion, folio_inicial, "Propiedad_id") VALUES (17, '1222', '333', 122, '2025-02-20', '122', 4);
INSERT INTO public.core_movimientos (id, libro, acto, "numero_Inscripcion", fecha_inscripcion, folio_inicial, "Propiedad_id") VALUES (18, '1222', '3344', 1222, '2025-02-28', '122', 4);
INSERT INTO public.core_movimientos (id, libro, acto, "numero_Inscripcion", fecha_inscripcion, folio_inicial, "Propiedad_id") VALUES (19, '122', '122', 122, '2025-02-07', '122', 4);
INSERT INTO public.core_movimientos (id, libro, acto, "numero_Inscripcion", fecha_inscripcion, folio_inicial, "Propiedad_id") VALUES (20, '122', '122', 122, '2025-03-06', '1222', 4);
INSERT INTO public.core_movimientos (id, libro, acto, "numero_Inscripcion", fecha_inscripcion, folio_inicial, "Propiedad_id") VALUES (21, '122', '122', 122, '2025-02-13', '122', 5);
INSERT INTO public.core_movimientos (id, libro, acto, "numero_Inscripcion", fecha_inscripcion, folio_inicial, "Propiedad_id") VALUES (22, '1200', '2333', 122, '2025-02-20', '122', 5);
INSERT INTO public.core_movimientos (id, libro, acto, "numero_Inscripcion", fecha_inscripcion, folio_inicial, "Propiedad_id") VALUES (23, '123323', '1233432', 1321323, '2025-02-14', '122', 9);
INSERT INTO public.core_movimientos (id, libro, acto, "numero_Inscripcion", fecha_inscripcion, folio_inicial, "Propiedad_id") VALUES (24, '134443', '324343', 13342, '2025-02-21', '122', 10);
INSERT INTO public.core_movimientos (id, libro, acto, "numero_Inscripcion", fecha_inscripcion, folio_inicial, "Propiedad_id") VALUES (25, '1222', '1233', 1233, '2025-02-20', '1233', 13);
INSERT INTO public.core_movimientos (id, libro, acto, "numero_Inscripcion", fecha_inscripcion, folio_inicial, "Propiedad_id") VALUES (26, '12333', '12323', 3343, '2025-02-27', '1222', 13);


--
-- TOC entry 2994 (class 0 OID 244803)
-- Dependencies: 224
-- Data for Name: core_propiedades; Type: TABLE DATA; Schema: public; Owner: admin
--

INSERT INTO public.core_propiedades (id, bien_inmueble, ubicacion, area, solicitante_id, estado, codigo_interno, archivo_pdf) VALUES (10, 'LURIIN BELLO', 'SUR', 'SUR', 8, 'atendido', '32343434', 'pdfs/certificate_CmGS.GLGJ.gdWU_sO0uryg.pdf');
INSERT INTO public.core_propiedades (id, bien_inmueble, ubicacion, area, solicitante_id, estado, codigo_interno, archivo_pdf) VALUES (11, 'MALA TIERRA MIA', 'NORTE', 'SUR', 9, NULL, '234343434', '');
INSERT INTO public.core_propiedades (id, bien_inmueble, ubicacion, area, solicitante_id, estado, codigo_interno, archivo_pdf) VALUES (12, 'PUNO QUERIDO', 'NORTE', 'SUR', 10, NULL, '4344545', '');
INSERT INTO public.core_propiedades (id, bien_inmueble, ubicacion, area, solicitante_id, estado, codigo_interno, archivo_pdf) VALUES (7, 'CHALIS', 'NORTE', 'NORTE', 4, NULL, '45465656', NULL);
INSERT INTO public.core_propiedades (id, bien_inmueble, ubicacion, area, solicitante_id, estado, codigo_interno, archivo_pdf) VALUES (13, 'PROPIEDAD 1', 'SUR', 'SUR', 11, 'atendido', '3343434', 'pdfs/Apuntes.pdf');
INSERT INTO public.core_propiedades (id, bien_inmueble, ubicacion, area, solicitante_id, estado, codigo_interno, archivo_pdf) VALUES (14, 'PROPIEDAD 2', 'SUR', 'SUR', 11, 'cancelado', '33435455', '');
INSERT INTO public.core_propiedades (id, bien_inmueble, ubicacion, area, solicitante_id, estado, codigo_interno, archivo_pdf) VALUES (5, 'CASA DE PLAYA', 'SUR', 'NORTE', 3, 'atendiendo', '122343434345', 'pdfs/certificate_CmGS.GLGJ.gdWU_lLKhl8k.pdf');
INSERT INTO public.core_propiedades (id, bien_inmueble, ubicacion, area, solicitante_id, estado, codigo_interno, archivo_pdf) VALUES (8, 'CASA PARQUE', 'NORTE', 'SUR', 6, 'atendiendo', '10222', 'pdfs/certificate_CmGS.GLGJ.gdWU_Ze1yj65.pdf');
INSERT INTO public.core_propiedades (id, bien_inmueble, ubicacion, area, solicitante_id, estado, codigo_interno, archivo_pdf) VALUES (9, 'CERCA AL CIELO', 'NORTE', 'NORTE', 6, 'atendiendo', '123243434', 'pdfs/certificate_CmGS.GLGJ.gdWU_XPeB1Cm.pdf');
INSERT INTO public.core_propiedades (id, bien_inmueble, ubicacion, area, solicitante_id, estado, codigo_interno, archivo_pdf) VALUES (4, 'INMUEBLE EN LA TERRAZA', 'NORTE', 'SUR', 3, 'atendiendo', '1234235346546', '');
INSERT INTO public.core_propiedades (id, bien_inmueble, ubicacion, area, solicitante_id, estado, codigo_interno, archivo_pdf) VALUES (6, 'DEPARTAMENTO', 'NORTE', 'SUR', 4, 'atendido', '54565656', 'pdfs/ALCANCE1.pdf');


--
-- TOC entry 2996 (class 0 OID 244819)
-- Dependencies: 226
-- Data for Name: core_registro; Type: TABLE DATA; Schema: public; Owner: admin
--

INSERT INTO public.core_registro (id, titulo, fecha_inscripcion, "Numero_Inscripcion", oficina_guarda_original, nombre_canton, observaciones, fecha_resolucion, administrador_id, solicitante_id) VALUES (5, '1322323', '2025-02-27', 122343443, 'NORTE', 'CANTON DOLO', 'ES UN BUEN INMUEBLE', '2025-02-21', 1, 3);
INSERT INTO public.core_registro (id, titulo, fecha_inscripcion, "Numero_Inscripcion", oficina_guarda_original, nombre_canton, observaciones, fecha_resolucion, administrador_id, solicitante_id) VALUES (20, 'propiedad condor', '2025-02-19', 1234343, 'TARAPOTO', 'CANTON CEPU', 'ES UNA CHACHRA EN CHINCHA         ', '2025-02-27', 1, 4);
INSERT INTO public.core_registro (id, titulo, fecha_inscripcion, "Numero_Inscripcion", oficina_guarda_original, nombre_canton, observaciones, fecha_resolucion, administrador_id, solicitante_id) VALUES (21, 'ESTA ES', '2025-02-27', 1200, 'NORTE', 'OTRO', 'BUENA DESCRIPCION', '2025-02-26', 1, 6);
INSERT INTO public.core_registro (id, titulo, fecha_inscripcion, "Numero_Inscripcion", oficina_guarda_original, nombre_canton, observaciones, fecha_resolucion, administrador_id, solicitante_id) VALUES (22, '1322323', '2025-02-27', 122343443, 'NORTE', 'CANTON DOLO', 'ES UN BUEN INMUEBLE', '2025-02-21', 1, 3);
INSERT INTO public.core_registro (id, titulo, fecha_inscripcion, "Numero_Inscripcion", oficina_guarda_original, nombre_canton, observaciones, fecha_resolucion, administrador_id, solicitante_id) VALUES (23, 'propiedad alianza', '2025-02-06', 123434, 'NORTE', 'CANTON DOLO', 'LURIN BALNEARIOS', '2025-02-28', 1, 8);
INSERT INTO public.core_registro (id, titulo, fecha_inscripcion, "Numero_Inscripcion", oficina_guarda_original, nombre_canton, observaciones, fecha_resolucion, administrador_id, solicitante_id) VALUES (24, 'propiedad condor', '2025-02-19', 1222, 'SUR', 'CANTON DOLO', 'SDSDSD', '2025-02-28', 1, 9);
INSERT INTO public.core_registro (id, titulo, fecha_inscripcion, "Numero_Inscripcion", oficina_guarda_original, nombre_canton, observaciones, fecha_resolucion, administrador_id, solicitante_id) VALUES (25, 'Instalacion de Python ', '2025-02-27', 1234343545, 'NORTE', 'ESTA ES OTRA PRUEBA', 'sdsds', '2025-02-06', 1, 10);
INSERT INTO public.core_registro (id, titulo, fecha_inscripcion, "Numero_Inscripcion", oficina_guarda_original, nombre_canton, observaciones, fecha_resolucion, administrador_id, solicitante_id) VALUES (26, 'TITULO', '2025-02-12', 1222, 'PRUEBA2', 'CANTON DOLO', 'DESCRIPCION DE PRUEBA', '2025-02-20', 1, 11);


--
-- TOC entry 2992 (class 0 OID 244793)
-- Dependencies: 222
-- Data for Name: core_solicitante; Type: TABLE DATA; Schema: public; Owner: admin
--

INSERT INTO public.core_solicitante (id, nombre, apellido, cedula, tipo_solicitud, usuario_id) VALUES (6, 'Alberto', 'Navarro', '123343434', 'Inmueble', 7);
INSERT INTO public.core_solicitante (id, nombre, apellido, cedula, tipo_solicitud, usuario_id) VALUES (4, 'PEDRO', 'PEREZ', '10210902', 'Servicio', 3);
INSERT INTO public.core_solicitante (id, nombre, apellido, cedula, tipo_solicitud, usuario_id) VALUES (3, 'Carmen', 'Espinoza', '10210902', 'Registro', 6);
INSERT INTO public.core_solicitante (id, nombre, apellido, cedula, tipo_solicitud, usuario_id) VALUES (8, 'Armando', 'Ruiz Rebollar', '12334545', 'Servicio', 2);
INSERT INTO public.core_solicitante (id, nombre, apellido, cedula, tipo_solicitud, usuario_id) VALUES (9, 'Kary', 'Ruiz', '334343', 'Servicio', 8);
INSERT INTO public.core_solicitante (id, nombre, apellido, cedula, tipo_solicitud, usuario_id) VALUES (10, 'Yiny', 'Yen', '12334545', 'Venta', 9);
INSERT INTO public.core_solicitante (id, nombre, apellido, cedula, tipo_solicitud, usuario_id) VALUES (11, 'Luis', 'Perez', '12334545', 'Registro', 10);


--
-- TOC entry 2989 (class 0 OID 236719)
-- Dependencies: 219
-- Data for Name: django_admin_log; Type: TABLE DATA; Schema: public; Owner: admin
--

INSERT INTO public.django_admin_log (id, action_time, object_id, object_repr, action_flag, change_message, content_type_id, user_id) VALUES (1, '2025-01-31 16:52:27.050011-05', '1', 'Juan', 1, '[{"added": {}}]', 10, 1);
INSERT INTO public.django_admin_log (id, action_time, object_id, object_repr, action_flag, change_message, content_type_id, user_id) VALUES (2, '2025-01-31 16:53:15.584955-05', '1', 'Baño', 1, '[{"added": {}}]', 9, 1);
INSERT INTO public.django_admin_log (id, action_time, object_id, object_repr, action_flag, change_message, content_type_id, user_id) VALUES (3, '2025-01-31 16:53:44.859775-05', '2', 'Sala', 1, '[{"added": {}}]', 9, 1);
INSERT INTO public.django_admin_log (id, action_time, object_id, object_repr, action_flag, change_message, content_type_id, user_id) VALUES (4, '2025-01-31 20:58:42.432688-05', '2', 'Sala', 2, '[{"changed": {"fields": ["Codigo interno"]}}]', 9, 1);
INSERT INTO public.django_admin_log (id, action_time, object_id, object_repr, action_flag, change_message, content_type_id, user_id) VALUES (5, '2025-01-31 20:58:50.531073-05', '1', 'Baño', 2, '[{"changed": {"fields": ["Codigo interno"]}}]', 9, 1);
INSERT INTO public.django_admin_log (id, action_time, object_id, object_repr, action_flag, change_message, content_type_id, user_id) VALUES (6, '2025-01-31 23:18:22.795411-05', '2', 'Instalacion de Python', 2, '[{"changed": {"fields": ["Titulo", "Propiedad"]}}]', 11, 1);
INSERT INTO public.django_admin_log (id, action_time, object_id, object_repr, action_flag, change_message, content_type_id, user_id) VALUES (7, '2025-01-31 23:18:28.441956-05', '1', 'Instalacion de Python', 2, '[{"changed": {"fields": ["Titulo", "Propiedad"]}}]', 11, 1);
INSERT INTO public.django_admin_log (id, action_time, object_id, object_repr, action_flag, change_message, content_type_id, user_id) VALUES (8, '2025-02-01 15:25:57.081565-05', '1', '122', 3, '', 12, 1);
INSERT INTO public.django_admin_log (id, action_time, object_id, object_repr, action_flag, change_message, content_type_id, user_id) VALUES (9, '2025-02-01 16:49:02.165866-05', '3', 'INMUEBLE EN LA TERRAZA', 1, '[{"added": {}}]', 9, 1);
INSERT INTO public.django_admin_log (id, action_time, object_id, object_repr, action_flag, change_message, content_type_id, user_id) VALUES (10, '2025-02-01 17:39:26.319464-05', '4', 'a ver el titulo', 3, '', 11, 1);
INSERT INTO public.django_admin_log (id, action_time, object_id, object_repr, action_flag, change_message, content_type_id, user_id) VALUES (11, '2025-02-01 17:39:26.322494-05', '3', '122', 3, '', 11, 1);
INSERT INTO public.django_admin_log (id, action_time, object_id, object_repr, action_flag, change_message, content_type_id, user_id) VALUES (12, '2025-02-01 17:39:26.323462-05', '2', 'Instalacion de Python', 3, '', 11, 1);
INSERT INTO public.django_admin_log (id, action_time, object_id, object_repr, action_flag, change_message, content_type_id, user_id) VALUES (13, '2025-02-01 17:39:26.325464-05', '1', 'Instalacion de Python', 3, '', 11, 1);
INSERT INTO public.django_admin_log (id, action_time, object_id, object_repr, action_flag, change_message, content_type_id, user_id) VALUES (14, '2025-02-01 17:39:34.97061-05', '3', 'INMUEBLE EN LA TERRAZA', 3, '', 9, 1);
INSERT INTO public.django_admin_log (id, action_time, object_id, object_repr, action_flag, change_message, content_type_id, user_id) VALUES (15, '2025-02-01 17:39:34.97264-05', '2', 'Sala', 3, '', 9, 1);
INSERT INTO public.django_admin_log (id, action_time, object_id, object_repr, action_flag, change_message, content_type_id, user_id) VALUES (16, '2025-02-01 17:39:34.974612-05', '1', 'Baño', 3, '', 9, 1);
INSERT INTO public.django_admin_log (id, action_time, object_id, object_repr, action_flag, change_message, content_type_id, user_id) VALUES (17, '2025-02-01 17:39:45.478771-05', '2', 'Pedro Belber', 3, '', 10, 1);
INSERT INTO public.django_admin_log (id, action_time, object_id, object_repr, action_flag, change_message, content_type_id, user_id) VALUES (18, '2025-02-01 17:39:45.481767-05', '1', 'Juan Perez', 3, '', 10, 1);
INSERT INTO public.django_admin_log (id, action_time, object_id, object_repr, action_flag, change_message, content_type_id, user_id) VALUES (19, '2025-02-01 17:45:20.138244-05', '4', 'INMUEBLE EN LA TERRAZA', 1, '[{"added": {}}]', 9, 1);
INSERT INTO public.django_admin_log (id, action_time, object_id, object_repr, action_flag, change_message, content_type_id, user_id) VALUES (20, '2025-02-01 17:45:43.270952-05', '5', 'CASA DE PLAYA', 1, '[{"added": {}}]', 9, 1);
INSERT INTO public.django_admin_log (id, action_time, object_id, object_repr, action_flag, change_message, content_type_id, user_id) VALUES (21, '2025-02-01 17:47:54.70028-05', '6', 'DEPARTAMENTO', 1, '[{"added": {}}]', 9, 1);
INSERT INTO public.django_admin_log (id, action_time, object_id, object_repr, action_flag, change_message, content_type_id, user_id) VALUES (22, '2025-02-01 17:48:11.799684-05', '7', 'CHALIS', 1, '[{"added": {}}]', 9, 1);
INSERT INTO public.django_admin_log (id, action_time, object_id, object_repr, action_flag, change_message, content_type_id, user_id) VALUES (23, '2025-02-01 18:20:19.08609-05', '6', '11', 3, '', 11, 1);
INSERT INTO public.django_admin_log (id, action_time, object_id, object_repr, action_flag, change_message, content_type_id, user_id) VALUES (24, '2025-02-01 18:20:57.946114-05', '5', '1322323', 2, '[{"changed": {"fields": ["Solicitante"]}}]', 11, 1);
INSERT INTO public.django_admin_log (id, action_time, object_id, object_repr, action_flag, change_message, content_type_id, user_id) VALUES (25, '2025-02-01 18:26:07.084881-05', '7', '132323', 3, '', 11, 1);
INSERT INTO public.django_admin_log (id, action_time, object_id, object_repr, action_flag, change_message, content_type_id, user_id) VALUES (26, '2025-02-01 18:29:06.03231-05', '8', '12222', 3, '', 11, 1);
INSERT INTO public.django_admin_log (id, action_time, object_id, object_repr, action_flag, change_message, content_type_id, user_id) VALUES (27, '2025-02-01 18:31:22.533113-05', '5', 'PEDRO  PEREZ ', 3, '', 10, 1);
INSERT INTO public.django_admin_log (id, action_time, object_id, object_repr, action_flag, change_message, content_type_id, user_id) VALUES (28, '2025-02-01 18:37:17.887115-05', '10', '1222', 3, '', 11, 1);
INSERT INTO public.django_admin_log (id, action_time, object_id, object_repr, action_flag, change_message, content_type_id, user_id) VALUES (29, '2025-02-01 18:50:33.711737-05', '11', '1222', 3, '', 11, 1);
INSERT INTO public.django_admin_log (id, action_time, object_id, object_repr, action_flag, change_message, content_type_id, user_id) VALUES (30, '2025-02-01 18:53:34.78629-05', '12', 'a ver el titulo', 3, '', 11, 1);
INSERT INTO public.django_admin_log (id, action_time, object_id, object_repr, action_flag, change_message, content_type_id, user_id) VALUES (31, '2025-02-01 18:57:36.663417-05', '13', '23213', 3, '', 11, 1);
INSERT INTO public.django_admin_log (id, action_time, object_id, object_repr, action_flag, change_message, content_type_id, user_id) VALUES (32, '2025-02-01 19:02:07.349116-05', '14', '1222', 3, '', 11, 1);
INSERT INTO public.django_admin_log (id, action_time, object_id, object_repr, action_flag, change_message, content_type_id, user_id) VALUES (33, '2025-02-01 19:10:40.259648-05', '15', 'propiedad condor', 3, '', 11, 1);
INSERT INTO public.django_admin_log (id, action_time, object_id, object_repr, action_flag, change_message, content_type_id, user_id) VALUES (34, '2025-02-01 19:14:45.884916-05', '16', 'DFF', 3, '', 11, 1);
INSERT INTO public.django_admin_log (id, action_time, object_id, object_repr, action_flag, change_message, content_type_id, user_id) VALUES (35, '2025-02-01 19:19:54.432337-05', '17', 'propiedad condor', 3, '', 11, 1);
INSERT INTO public.django_admin_log (id, action_time, object_id, object_repr, action_flag, change_message, content_type_id, user_id) VALUES (36, '2025-02-01 19:20:52.812752-05', '4', 'PEDRO PEREZ', 2, '[{"changed": {"fields": ["Nombre"]}}]', 10, 1);
INSERT INTO public.django_admin_log (id, action_time, object_id, object_repr, action_flag, change_message, content_type_id, user_id) VALUES (37, '2025-02-01 19:21:16.758138-05', '18', '11', 3, '', 11, 1);
INSERT INTO public.django_admin_log (id, action_time, object_id, object_repr, action_flag, change_message, content_type_id, user_id) VALUES (38, '2025-02-01 19:24:28.70547-05', '19', '111', 3, '', 11, 1);
INSERT INTO public.django_admin_log (id, action_time, object_id, object_repr, action_flag, change_message, content_type_id, user_id) VALUES (39, '2025-02-01 19:34:30.449248-05', '8', 'CASA PARQUE', 1, '[{"added": {}}]', 9, 1);
INSERT INTO public.django_admin_log (id, action_time, object_id, object_repr, action_flag, change_message, content_type_id, user_id) VALUES (40, '2025-02-01 22:23:51.138457-05', '7', 'Armando Messi', 3, '', 10, 1);
INSERT INTO public.django_admin_log (id, action_time, object_id, object_repr, action_flag, change_message, content_type_id, user_id) VALUES (41, '2025-02-02 14:47:00.103039-05', '6', 'Alberto Navarro', 2, '[{"changed": {"fields": ["Usuario"]}}]', 10, 1);
INSERT INTO public.django_admin_log (id, action_time, object_id, object_repr, action_flag, change_message, content_type_id, user_id) VALUES (42, '2025-02-02 14:47:09.778861-05', '4', 'PEDRO PEREZ', 2, '[{"changed": {"fields": ["Usuario"]}}]', 10, 1);
INSERT INTO public.django_admin_log (id, action_time, object_id, object_repr, action_flag, change_message, content_type_id, user_id) VALUES (43, '2025-02-02 14:47:16.715031-05', '3', 'Carmen Espinoza', 2, '[{"changed": {"fields": ["Apellido", "Usuario"]}}]', 10, 1);
INSERT INTO public.django_admin_log (id, action_time, object_id, object_repr, action_flag, change_message, content_type_id, user_id) VALUES (44, '2025-02-02 14:47:41.321515-05', '4', 'prueba1', 3, '', 4, 1);
INSERT INTO public.django_admin_log (id, action_time, object_id, object_repr, action_flag, change_message, content_type_id, user_id) VALUES (45, '2025-02-02 14:49:04.540611-05', '8', 'Armando Ruiz Rebollar', 2, '[{"changed": {"fields": ["Usuario"]}}]', 10, 1);
INSERT INTO public.django_admin_log (id, action_time, object_id, object_repr, action_flag, change_message, content_type_id, user_id) VALUES (46, '2025-02-02 14:49:19.760254-05', '5', 'armando', 3, '', 4, 1);
INSERT INTO public.django_admin_log (id, action_time, object_id, object_repr, action_flag, change_message, content_type_id, user_id) VALUES (47, '2025-02-02 20:53:50.795533-05', '4', 'INMUEBLE EN LA TERRAZA', 2, '[{"changed": {"fields": ["Archivo pdf"]}}]', 9, 1);
INSERT INTO public.django_admin_log (id, action_time, object_id, object_repr, action_flag, change_message, content_type_id, user_id) VALUES (48, '2025-02-02 20:54:03.492598-05', '5', 'CASA DE PLAYA', 2, '[{"changed": {"fields": ["Archivo pdf"]}}]', 9, 1);
INSERT INTO public.django_admin_log (id, action_time, object_id, object_repr, action_flag, change_message, content_type_id, user_id) VALUES (49, '2025-02-02 20:56:01.974234-05', '4', 'INMUEBLE EN LA TERRAZA', 2, '[{"changed": {"fields": ["Archivo pdf"]}}]', 9, 1);
INSERT INTO public.django_admin_log (id, action_time, object_id, object_repr, action_flag, change_message, content_type_id, user_id) VALUES (50, '2025-02-02 21:09:02.230003-05', '4', 'INMUEBLE EN LA TERRAZA', 2, '[{"changed": {"fields": ["Archivo pdf"]}}]', 9, 1);
INSERT INTO public.django_admin_log (id, action_time, object_id, object_repr, action_flag, change_message, content_type_id, user_id) VALUES (51, '2025-02-02 21:09:07.114959-05', '5', 'CASA DE PLAYA', 2, '[{"changed": {"fields": ["Archivo pdf"]}}]', 9, 1);
INSERT INTO public.django_admin_log (id, action_time, object_id, object_repr, action_flag, change_message, content_type_id, user_id) VALUES (52, '2025-02-02 21:11:15.508483-05', '4', 'INMUEBLE EN LA TERRAZA', 2, '[{"changed": {"fields": ["Archivo pdf"]}}]', 9, 1);
INSERT INTO public.django_admin_log (id, action_time, object_id, object_repr, action_flag, change_message, content_type_id, user_id) VALUES (53, '2025-02-02 21:11:20.594605-05', '5', 'CASA DE PLAYA', 2, '[{"changed": {"fields": ["Archivo pdf"]}}]', 9, 1);
INSERT INTO public.django_admin_log (id, action_time, object_id, object_repr, action_flag, change_message, content_type_id, user_id) VALUES (54, '2025-02-02 21:37:18.668227-05', '9', 'CERCA AL CIELO', 1, '[{"added": {}}]', 9, 1);
INSERT INTO public.django_admin_log (id, action_time, object_id, object_repr, action_flag, change_message, content_type_id, user_id) VALUES (55, '2025-02-02 21:54:49.267433-05', '4', 'INMUEBLE EN LA TERRAZA', 2, '[{"changed": {"fields": ["Archivo pdf"]}}]', 9, 1);
INSERT INTO public.django_admin_log (id, action_time, object_id, object_repr, action_flag, change_message, content_type_id, user_id) VALUES (56, '2025-02-02 22:04:28.500073-05', '6', 'DEPARTAMENTO', 2, '[{"changed": {"fields": ["Archivo pdf"]}}]', 9, 1);
INSERT INTO public.django_admin_log (id, action_time, object_id, object_repr, action_flag, change_message, content_type_id, user_id) VALUES (57, '2025-02-02 22:18:41.11591-05', '10', 'LURIIN BELLO', 1, '[{"added": {}}]', 9, 1);
INSERT INTO public.django_admin_log (id, action_time, object_id, object_repr, action_flag, change_message, content_type_id, user_id) VALUES (58, '2025-02-02 22:35:26.515787-05', '11', 'MALA TIERRA MIA', 1, '[{"added": {}}]', 9, 1);
INSERT INTO public.django_admin_log (id, action_time, object_id, object_repr, action_flag, change_message, content_type_id, user_id) VALUES (59, '2025-02-02 22:39:57.899993-05', '12', 'PUNO QUERIDO', 1, '[{"added": {}}]', 9, 1);
INSERT INTO public.django_admin_log (id, action_time, object_id, object_repr, action_flag, change_message, content_type_id, user_id) VALUES (60, '2025-02-03 18:09:44.539085-05', '13', 'PROPIEDAD 1', 1, '[{"added": {}}]', 9, 1);
INSERT INTO public.django_admin_log (id, action_time, object_id, object_repr, action_flag, change_message, content_type_id, user_id) VALUES (61, '2025-02-03 18:10:07.885877-05', '14', 'PROPIEDAD 2', 1, '[{"added": {}}]', 9, 1);


--
-- TOC entry 2975 (class 0 OID 236612)
-- Dependencies: 205
-- Data for Name: django_content_type; Type: TABLE DATA; Schema: public; Owner: admin
--

INSERT INTO public.django_content_type (id, app_label, model) VALUES (1, 'admin', 'logentry');
INSERT INTO public.django_content_type (id, app_label, model) VALUES (2, 'auth', 'permission');
INSERT INTO public.django_content_type (id, app_label, model) VALUES (3, 'auth', 'group');
INSERT INTO public.django_content_type (id, app_label, model) VALUES (4, 'auth', 'user');
INSERT INTO public.django_content_type (id, app_label, model) VALUES (5, 'contenttypes', 'contenttype');
INSERT INTO public.django_content_type (id, app_label, model) VALUES (6, 'sessions', 'session');
INSERT INTO public.django_content_type (id, app_label, model) VALUES (7, 'core', 'propiedad');
INSERT INTO public.django_content_type (id, app_label, model) VALUES (8, 'core', 'compra');
INSERT INTO public.django_content_type (id, app_label, model) VALUES (9, 'core', 'propiedades');
INSERT INTO public.django_content_type (id, app_label, model) VALUES (10, 'core', 'solicitante');
INSERT INTO public.django_content_type (id, app_label, model) VALUES (11, 'core', 'registro');
INSERT INTO public.django_content_type (id, app_label, model) VALUES (12, 'core', 'movimientos');


--
-- TOC entry 2973 (class 0 OID 236602)
-- Dependencies: 203
-- Data for Name: django_migrations; Type: TABLE DATA; Schema: public; Owner: admin
--

INSERT INTO public.django_migrations (id, app, name, applied) VALUES (1, 'contenttypes', '0001_initial', '2025-01-27 15:57:26.334807-05');
INSERT INTO public.django_migrations (id, app, name, applied) VALUES (2, 'auth', '0001_initial', '2025-01-27 15:57:27.208332-05');
INSERT INTO public.django_migrations (id, app, name, applied) VALUES (3, 'admin', '0001_initial', '2025-01-27 15:57:27.46079-05');
INSERT INTO public.django_migrations (id, app, name, applied) VALUES (4, 'admin', '0002_logentry_remove_auto_add', '2025-01-27 15:57:27.473789-05');
INSERT INTO public.django_migrations (id, app, name, applied) VALUES (5, 'admin', '0003_logentry_add_action_flag_choices', '2025-01-27 15:57:27.486752-05');
INSERT INTO public.django_migrations (id, app, name, applied) VALUES (6, 'contenttypes', '0002_remove_content_type_name', '2025-01-27 15:57:27.507748-05');
INSERT INTO public.django_migrations (id, app, name, applied) VALUES (7, 'auth', '0002_alter_permission_name_max_length', '2025-01-27 15:57:27.530781-05');
INSERT INTO public.django_migrations (id, app, name, applied) VALUES (8, 'auth', '0003_alter_user_email_max_length', '2025-01-27 15:57:27.537783-05');
INSERT INTO public.django_migrations (id, app, name, applied) VALUES (9, 'auth', '0004_alter_user_username_opts', '2025-01-27 15:57:27.545749-05');
INSERT INTO public.django_migrations (id, app, name, applied) VALUES (10, 'auth', '0005_alter_user_last_login_null', '2025-01-27 15:57:27.55378-05');
INSERT INTO public.django_migrations (id, app, name, applied) VALUES (11, 'auth', '0006_require_contenttypes_0002', '2025-01-27 15:57:27.555752-05');
INSERT INTO public.django_migrations (id, app, name, applied) VALUES (12, 'auth', '0007_alter_validators_add_error_messages', '2025-01-27 15:57:27.563783-05');
INSERT INTO public.django_migrations (id, app, name, applied) VALUES (13, 'auth', '0008_alter_user_username_max_length', '2025-01-27 15:57:27.624303-05');
INSERT INTO public.django_migrations (id, app, name, applied) VALUES (14, 'auth', '0009_alter_user_last_name_max_length', '2025-01-27 15:57:27.632226-05');
INSERT INTO public.django_migrations (id, app, name, applied) VALUES (15, 'auth', '0010_alter_group_name_max_length', '2025-01-27 15:57:27.643225-05');
INSERT INTO public.django_migrations (id, app, name, applied) VALUES (16, 'auth', '0011_update_proxy_permissions', '2025-01-27 15:57:27.650256-05');
INSERT INTO public.django_migrations (id, app, name, applied) VALUES (17, 'auth', '0012_alter_user_first_name_max_length', '2025-01-27 15:57:27.658226-05');
INSERT INTO public.django_migrations (id, app, name, applied) VALUES (18, 'core', '0001_initial', '2025-01-27 15:57:27.896787-05');
INSERT INTO public.django_migrations (id, app, name, applied) VALUES (19, 'sessions', '0001_initial', '2025-01-27 15:57:28.050417-05');
INSERT INTO public.django_migrations (id, app, name, applied) VALUES (20, 'core', '0002_propiedad_area_propiedad_numero_registro_and_more', '2025-01-27 17:28:36.794342-05');
INSERT INTO public.django_migrations (id, app, name, applied) VALUES (21, 'core', '0003_solicitante_propiedades', '2025-01-31 16:48:53.285631-05');
INSERT INTO public.django_migrations (id, app, name, applied) VALUES (22, 'core', '0004_alter_propiedades_area_and_more', '2025-01-31 16:59:25.606427-05');
INSERT INTO public.django_migrations (id, app, name, applied) VALUES (23, 'core', '0005_propiedades_estado', '2025-01-31 17:20:16.63049-05');
INSERT INTO public.django_migrations (id, app, name, applied) VALUES (24, 'core', '0006_remove_propiedad_administrador_and_more', '2025-01-31 20:48:02.354277-05');
INSERT INTO public.django_migrations (id, app, name, applied) VALUES (25, 'core', '0007_propiedades_codigo_interno', '2025-01-31 20:56:44.719477-05');
INSERT INTO public.django_migrations (id, app, name, applied) VALUES (26, 'core', '0008_registro_propiedad', '2025-01-31 23:17:54.992987-05');
INSERT INTO public.django_migrations (id, app, name, applied) VALUES (27, 'core', '0009_movimientos', '2025-02-01 14:41:44.104269-05');
INSERT INTO public.django_migrations (id, app, name, applied) VALUES (28, 'core', '0010_remove_movimientos_registro_movimientos_propiedad', '2025-02-01 15:27:47.532704-05');
INSERT INTO public.django_migrations (id, app, name, applied) VALUES (29, 'core', '0011_remove_registro_propiedad_registro_solicitante', '2025-02-01 17:40:28.843409-05');
INSERT INTO public.django_migrations (id, app, name, applied) VALUES (30, 'core', '0012_solicitante_usuario', '2025-02-02 14:45:35.029461-05');
INSERT INTO public.django_migrations (id, app, name, applied) VALUES (31, 'core', '0013_propiedades_archivo_pdf', '2025-02-02 18:17:33.263484-05');


--
-- TOC entry 2990 (class 0 OID 236784)
-- Dependencies: 220
-- Data for Name: django_session; Type: TABLE DATA; Schema: public; Owner: admin
--

INSERT INTO public.django_session (session_key, session_data, expire_date) VALUES ('nmtazf993b2a5lppucxm7f4ux89jrn38', '.eJxVjDsOwyAQRO9CHaFdfoaU6X0GBCwEJxGWjF1FuXtsyUXSjea9mTfzYVur33pe_ETsyhDY5beMIT1zOwg9QrvPPM1tXabID4WftPNxpvy6ne7fQQ297uuojTEyJUQASXtQxYIwppC2QmEqTpPDnCUpNJKiHACyclbAkKxAwT5f7IM3Bg:1tf5n7:7a9NsHHeTKrQzjGoQz6RLsuBYqc3T60h4Y0OYwz0WrA', '2025-02-17 18:23:45.619189-05');
INSERT INTO public.django_session (session_key, session_data, expire_date) VALUES ('74smaeb0hm1od1pj3q4wf51hd2z302sz', '.eJxVjDsOwjAQBe_iGln-JGubkp4zROvdNQ4gR8qnQtwdIqWA9s3Me6kBt7UO2yLzMLI6K6tOv1tGekjbAd-x3SZNU1vnMetd0Qdd9HVieV4O9--g4lK_dUgFgvEFQWJCGwmyo94nTOLAoynZQIjBcBeEwfVELB1Z06dSPFtW7w_epjgS:1tcbdc:yC5qVClspX30dsM5adGVp9DsMrObIGUSUnbjn2n5xmM', '2025-02-10 21:47:40.228716-05');


--
-- TOC entry 3005 (class 0 OID 0)
-- Dependencies: 208
-- Name: auth_group_id_seq; Type: SEQUENCE SET; Schema: public; Owner: admin
--

SELECT pg_catalog.setval('public.auth_group_id_seq', 1, false);


--
-- TOC entry 3006 (class 0 OID 0)
-- Dependencies: 210
-- Name: auth_group_permissions_id_seq; Type: SEQUENCE SET; Schema: public; Owner: admin
--

SELECT pg_catalog.setval('public.auth_group_permissions_id_seq', 1, false);


--
-- TOC entry 3007 (class 0 OID 0)
-- Dependencies: 206
-- Name: auth_permission_id_seq; Type: SEQUENCE SET; Schema: public; Owner: admin
--

SELECT pg_catalog.setval('public.auth_permission_id_seq', 48, true);


--
-- TOC entry 3008 (class 0 OID 0)
-- Dependencies: 214
-- Name: auth_user_groups_id_seq; Type: SEQUENCE SET; Schema: public; Owner: admin
--

SELECT pg_catalog.setval('public.auth_user_groups_id_seq', 1, false);


--
-- TOC entry 3009 (class 0 OID 0)
-- Dependencies: 212
-- Name: auth_user_id_seq; Type: SEQUENCE SET; Schema: public; Owner: admin
--

SELECT pg_catalog.setval('public.auth_user_id_seq', 10, true);


--
-- TOC entry 3010 (class 0 OID 0)
-- Dependencies: 216
-- Name: auth_user_user_permissions_id_seq; Type: SEQUENCE SET; Schema: public; Owner: admin
--

SELECT pg_catalog.setval('public.auth_user_user_permissions_id_seq', 1, false);


--
-- TOC entry 3011 (class 0 OID 0)
-- Dependencies: 227
-- Name: core_movimientos_id_seq; Type: SEQUENCE SET; Schema: public; Owner: admin
--

SELECT pg_catalog.setval('public.core_movimientos_id_seq', 26, true);


--
-- TOC entry 3012 (class 0 OID 0)
-- Dependencies: 223
-- Name: core_propiedades_id_seq; Type: SEQUENCE SET; Schema: public; Owner: admin
--

SELECT pg_catalog.setval('public.core_propiedades_id_seq', 14, true);


--
-- TOC entry 3013 (class 0 OID 0)
-- Dependencies: 225
-- Name: core_registro_id_seq; Type: SEQUENCE SET; Schema: public; Owner: admin
--

SELECT pg_catalog.setval('public.core_registro_id_seq', 26, true);


--
-- TOC entry 3014 (class 0 OID 0)
-- Dependencies: 221
-- Name: core_solicitante_id_seq; Type: SEQUENCE SET; Schema: public; Owner: admin
--

SELECT pg_catalog.setval('public.core_solicitante_id_seq', 11, true);


--
-- TOC entry 3015 (class 0 OID 0)
-- Dependencies: 218
-- Name: django_admin_log_id_seq; Type: SEQUENCE SET; Schema: public; Owner: admin
--

SELECT pg_catalog.setval('public.django_admin_log_id_seq', 61, true);


--
-- TOC entry 3016 (class 0 OID 0)
-- Dependencies: 204
-- Name: django_content_type_id_seq; Type: SEQUENCE SET; Schema: public; Owner: admin
--

SELECT pg_catalog.setval('public.django_content_type_id_seq', 12, true);


--
-- TOC entry 3017 (class 0 OID 0)
-- Dependencies: 202
-- Name: django_migrations_id_seq; Type: SEQUENCE SET; Schema: public; Owner: admin
--

SELECT pg_catalog.setval('public.django_migrations_id_seq', 31, true);


--
-- TOC entry 2785 (class 2606 OID 236747)
-- Name: auth_group auth_group_name_key; Type: CONSTRAINT; Schema: public; Owner: admin
--

ALTER TABLE ONLY public.auth_group
    ADD CONSTRAINT auth_group_name_key UNIQUE (name);


--
-- TOC entry 2790 (class 2606 OID 236675)
-- Name: auth_group_permissions auth_group_permissions_group_id_permission_id_0cd325b0_uniq; Type: CONSTRAINT; Schema: public; Owner: admin
--

ALTER TABLE ONLY public.auth_group_permissions
    ADD CONSTRAINT auth_group_permissions_group_id_permission_id_0cd325b0_uniq UNIQUE (group_id, permission_id);


--
-- TOC entry 2793 (class 2606 OID 236641)
-- Name: auth_group_permissions auth_group_permissions_pkey; Type: CONSTRAINT; Schema: public; Owner: admin
--

ALTER TABLE ONLY public.auth_group_permissions
    ADD CONSTRAINT auth_group_permissions_pkey PRIMARY KEY (id);


--
-- TOC entry 2787 (class 2606 OID 236632)
-- Name: auth_group auth_group_pkey; Type: CONSTRAINT; Schema: public; Owner: admin
--

ALTER TABLE ONLY public.auth_group
    ADD CONSTRAINT auth_group_pkey PRIMARY KEY (id);


--
-- TOC entry 2780 (class 2606 OID 236666)
-- Name: auth_permission auth_permission_content_type_id_codename_01ab375a_uniq; Type: CONSTRAINT; Schema: public; Owner: admin
--

ALTER TABLE ONLY public.auth_permission
    ADD CONSTRAINT auth_permission_content_type_id_codename_01ab375a_uniq UNIQUE (content_type_id, codename);


--
-- TOC entry 2782 (class 2606 OID 236625)
-- Name: auth_permission auth_permission_pkey; Type: CONSTRAINT; Schema: public; Owner: admin
--

ALTER TABLE ONLY public.auth_permission
    ADD CONSTRAINT auth_permission_pkey PRIMARY KEY (id);


--
-- TOC entry 2801 (class 2606 OID 236657)
-- Name: auth_user_groups auth_user_groups_pkey; Type: CONSTRAINT; Schema: public; Owner: admin
--

ALTER TABLE ONLY public.auth_user_groups
    ADD CONSTRAINT auth_user_groups_pkey PRIMARY KEY (id);


--
-- TOC entry 2804 (class 2606 OID 236690)
-- Name: auth_user_groups auth_user_groups_user_id_group_id_94350c0c_uniq; Type: CONSTRAINT; Schema: public; Owner: admin
--

ALTER TABLE ONLY public.auth_user_groups
    ADD CONSTRAINT auth_user_groups_user_id_group_id_94350c0c_uniq UNIQUE (user_id, group_id);


--
-- TOC entry 2795 (class 2606 OID 236648)
-- Name: auth_user auth_user_pkey; Type: CONSTRAINT; Schema: public; Owner: admin
--

ALTER TABLE ONLY public.auth_user
    ADD CONSTRAINT auth_user_pkey PRIMARY KEY (id);


--
-- TOC entry 2807 (class 2606 OID 236664)
-- Name: auth_user_user_permissions auth_user_user_permissions_pkey; Type: CONSTRAINT; Schema: public; Owner: admin
--

ALTER TABLE ONLY public.auth_user_user_permissions
    ADD CONSTRAINT auth_user_user_permissions_pkey PRIMARY KEY (id);


--
-- TOC entry 2810 (class 2606 OID 236704)
-- Name: auth_user_user_permissions auth_user_user_permissions_user_id_permission_id_14a6b632_uniq; Type: CONSTRAINT; Schema: public; Owner: admin
--

ALTER TABLE ONLY public.auth_user_user_permissions
    ADD CONSTRAINT auth_user_user_permissions_user_id_permission_id_14a6b632_uniq UNIQUE (user_id, permission_id);


--
-- TOC entry 2798 (class 2606 OID 236741)
-- Name: auth_user auth_user_username_key; Type: CONSTRAINT; Schema: public; Owner: admin
--

ALTER TABLE ONLY public.auth_user
    ADD CONSTRAINT auth_user_username_key UNIQUE (username);


--
-- TOC entry 2831 (class 2606 OID 244848)
-- Name: core_movimientos core_movimientos_pkey; Type: CONSTRAINT; Schema: public; Owner: admin
--

ALTER TABLE ONLY public.core_movimientos
    ADD CONSTRAINT core_movimientos_pkey PRIMARY KEY (id);


--
-- TOC entry 2823 (class 2606 OID 244810)
-- Name: core_propiedades core_propiedades_pkey; Type: CONSTRAINT; Schema: public; Owner: admin
--

ALTER TABLE ONLY public.core_propiedades
    ADD CONSTRAINT core_propiedades_pkey PRIMARY KEY (id);


--
-- TOC entry 2827 (class 2606 OID 244826)
-- Name: core_registro core_registro_pkey; Type: CONSTRAINT; Schema: public; Owner: admin
--

ALTER TABLE ONLY public.core_registro
    ADD CONSTRAINT core_registro_pkey PRIMARY KEY (id);


--
-- TOC entry 2820 (class 2606 OID 244800)
-- Name: core_solicitante core_solicitante_pkey; Type: CONSTRAINT; Schema: public; Owner: admin
--

ALTER TABLE ONLY public.core_solicitante
    ADD CONSTRAINT core_solicitante_pkey PRIMARY KEY (id);


--
-- TOC entry 2813 (class 2606 OID 236727)
-- Name: django_admin_log django_admin_log_pkey; Type: CONSTRAINT; Schema: public; Owner: admin
--

ALTER TABLE ONLY public.django_admin_log
    ADD CONSTRAINT django_admin_log_pkey PRIMARY KEY (id);


--
-- TOC entry 2775 (class 2606 OID 236618)
-- Name: django_content_type django_content_type_app_label_model_76bd3d3b_uniq; Type: CONSTRAINT; Schema: public; Owner: admin
--

ALTER TABLE ONLY public.django_content_type
    ADD CONSTRAINT django_content_type_app_label_model_76bd3d3b_uniq UNIQUE (app_label, model);


--
-- TOC entry 2777 (class 2606 OID 236616)
-- Name: django_content_type django_content_type_pkey; Type: CONSTRAINT; Schema: public; Owner: admin
--

ALTER TABLE ONLY public.django_content_type
    ADD CONSTRAINT django_content_type_pkey PRIMARY KEY (id);


--
-- TOC entry 2773 (class 2606 OID 236609)
-- Name: django_migrations django_migrations_pkey; Type: CONSTRAINT; Schema: public; Owner: admin
--

ALTER TABLE ONLY public.django_migrations
    ADD CONSTRAINT django_migrations_pkey PRIMARY KEY (id);


--
-- TOC entry 2817 (class 2606 OID 236791)
-- Name: django_session django_session_pkey; Type: CONSTRAINT; Schema: public; Owner: admin
--

ALTER TABLE ONLY public.django_session
    ADD CONSTRAINT django_session_pkey PRIMARY KEY (session_key);


--
-- TOC entry 2783 (class 1259 OID 236748)
-- Name: auth_group_name_a6ea08ec_like; Type: INDEX; Schema: public; Owner: admin
--

CREATE INDEX auth_group_name_a6ea08ec_like ON public.auth_group USING btree (name varchar_pattern_ops);


--
-- TOC entry 2788 (class 1259 OID 236686)
-- Name: auth_group_permissions_group_id_b120cbf9; Type: INDEX; Schema: public; Owner: admin
--

CREATE INDEX auth_group_permissions_group_id_b120cbf9 ON public.auth_group_permissions USING btree (group_id);


--
-- TOC entry 2791 (class 1259 OID 236687)
-- Name: auth_group_permissions_permission_id_84c5c92e; Type: INDEX; Schema: public; Owner: admin
--

CREATE INDEX auth_group_permissions_permission_id_84c5c92e ON public.auth_group_permissions USING btree (permission_id);


--
-- TOC entry 2778 (class 1259 OID 236672)
-- Name: auth_permission_content_type_id_2f476e4b; Type: INDEX; Schema: public; Owner: admin
--

CREATE INDEX auth_permission_content_type_id_2f476e4b ON public.auth_permission USING btree (content_type_id);


--
-- TOC entry 2799 (class 1259 OID 236702)
-- Name: auth_user_groups_group_id_97559544; Type: INDEX; Schema: public; Owner: admin
--

CREATE INDEX auth_user_groups_group_id_97559544 ON public.auth_user_groups USING btree (group_id);


--
-- TOC entry 2802 (class 1259 OID 236701)
-- Name: auth_user_groups_user_id_6a12ed8b; Type: INDEX; Schema: public; Owner: admin
--

CREATE INDEX auth_user_groups_user_id_6a12ed8b ON public.auth_user_groups USING btree (user_id);


--
-- TOC entry 2805 (class 1259 OID 236716)
-- Name: auth_user_user_permissions_permission_id_1fbb5f2c; Type: INDEX; Schema: public; Owner: admin
--

CREATE INDEX auth_user_user_permissions_permission_id_1fbb5f2c ON public.auth_user_user_permissions USING btree (permission_id);


--
-- TOC entry 2808 (class 1259 OID 236715)
-- Name: auth_user_user_permissions_user_id_a95ead1b; Type: INDEX; Schema: public; Owner: admin
--

CREATE INDEX auth_user_user_permissions_user_id_a95ead1b ON public.auth_user_user_permissions USING btree (user_id);


--
-- TOC entry 2796 (class 1259 OID 236742)
-- Name: auth_user_username_6821ab7c_like; Type: INDEX; Schema: public; Owner: admin
--

CREATE INDEX auth_user_username_6821ab7c_like ON public.auth_user USING btree (username varchar_pattern_ops);


--
-- TOC entry 2829 (class 1259 OID 244860)
-- Name: core_movimientos_Propiedad_id_4e415184; Type: INDEX; Schema: public; Owner: admin
--

CREATE INDEX "core_movimientos_Propiedad_id_4e415184" ON public.core_movimientos USING btree ("Propiedad_id");


--
-- TOC entry 2824 (class 1259 OID 244816)
-- Name: core_propiedades_solicitante_id_a1a75611; Type: INDEX; Schema: public; Owner: admin
--

CREATE INDEX core_propiedades_solicitante_id_a1a75611 ON public.core_propiedades USING btree (solicitante_id);


--
-- TOC entry 2825 (class 1259 OID 244832)
-- Name: core_registro_administrador_id_09cb8e43; Type: INDEX; Schema: public; Owner: admin
--

CREATE INDEX core_registro_administrador_id_09cb8e43 ON public.core_registro USING btree (administrador_id);


--
-- TOC entry 2828 (class 1259 OID 244866)
-- Name: core_registro_solicitante_id_57ee8d46; Type: INDEX; Schema: public; Owner: admin
--

CREATE INDEX core_registro_solicitante_id_57ee8d46 ON public.core_registro USING btree (solicitante_id);


--
-- TOC entry 2821 (class 1259 OID 244872)
-- Name: core_solicitante_usuario_id_752f316f; Type: INDEX; Schema: public; Owner: admin
--

CREATE INDEX core_solicitante_usuario_id_752f316f ON public.core_solicitante USING btree (usuario_id);


--
-- TOC entry 2811 (class 1259 OID 236738)
-- Name: django_admin_log_content_type_id_c4bce8eb; Type: INDEX; Schema: public; Owner: admin
--

CREATE INDEX django_admin_log_content_type_id_c4bce8eb ON public.django_admin_log USING btree (content_type_id);


--
-- TOC entry 2814 (class 1259 OID 236739)
-- Name: django_admin_log_user_id_c564eba6; Type: INDEX; Schema: public; Owner: admin
--

CREATE INDEX django_admin_log_user_id_c564eba6 ON public.django_admin_log USING btree (user_id);


--
-- TOC entry 2815 (class 1259 OID 236793)
-- Name: django_session_expire_date_a5c62663; Type: INDEX; Schema: public; Owner: admin
--

CREATE INDEX django_session_expire_date_a5c62663 ON public.django_session USING btree (expire_date);


--
-- TOC entry 2818 (class 1259 OID 236792)
-- Name: django_session_session_key_c0390e0f_like; Type: INDEX; Schema: public; Owner: admin
--

CREATE INDEX django_session_session_key_c0390e0f_like ON public.django_session USING btree (session_key varchar_pattern_ops);


--
-- TOC entry 2834 (class 2606 OID 236681)
-- Name: auth_group_permissions auth_group_permissio_permission_id_84c5c92e_fk_auth_perm; Type: FK CONSTRAINT; Schema: public; Owner: admin
--

ALTER TABLE ONLY public.auth_group_permissions
    ADD CONSTRAINT auth_group_permissio_permission_id_84c5c92e_fk_auth_perm FOREIGN KEY (permission_id) REFERENCES public.auth_permission(id) DEFERRABLE INITIALLY DEFERRED;


--
-- TOC entry 2833 (class 2606 OID 236676)
-- Name: auth_group_permissions auth_group_permissions_group_id_b120cbf9_fk_auth_group_id; Type: FK CONSTRAINT; Schema: public; Owner: admin
--

ALTER TABLE ONLY public.auth_group_permissions
    ADD CONSTRAINT auth_group_permissions_group_id_b120cbf9_fk_auth_group_id FOREIGN KEY (group_id) REFERENCES public.auth_group(id) DEFERRABLE INITIALLY DEFERRED;


--
-- TOC entry 2832 (class 2606 OID 236667)
-- Name: auth_permission auth_permission_content_type_id_2f476e4b_fk_django_co; Type: FK CONSTRAINT; Schema: public; Owner: admin
--

ALTER TABLE ONLY public.auth_permission
    ADD CONSTRAINT auth_permission_content_type_id_2f476e4b_fk_django_co FOREIGN KEY (content_type_id) REFERENCES public.django_content_type(id) DEFERRABLE INITIALLY DEFERRED;


--
-- TOC entry 2836 (class 2606 OID 236696)
-- Name: auth_user_groups auth_user_groups_group_id_97559544_fk_auth_group_id; Type: FK CONSTRAINT; Schema: public; Owner: admin
--

ALTER TABLE ONLY public.auth_user_groups
    ADD CONSTRAINT auth_user_groups_group_id_97559544_fk_auth_group_id FOREIGN KEY (group_id) REFERENCES public.auth_group(id) DEFERRABLE INITIALLY DEFERRED;


--
-- TOC entry 2835 (class 2606 OID 236691)
-- Name: auth_user_groups auth_user_groups_user_id_6a12ed8b_fk_auth_user_id; Type: FK CONSTRAINT; Schema: public; Owner: admin
--

ALTER TABLE ONLY public.auth_user_groups
    ADD CONSTRAINT auth_user_groups_user_id_6a12ed8b_fk_auth_user_id FOREIGN KEY (user_id) REFERENCES public.auth_user(id) DEFERRABLE INITIALLY DEFERRED;


--
-- TOC entry 2838 (class 2606 OID 236710)
-- Name: auth_user_user_permissions auth_user_user_permi_permission_id_1fbb5f2c_fk_auth_perm; Type: FK CONSTRAINT; Schema: public; Owner: admin
--

ALTER TABLE ONLY public.auth_user_user_permissions
    ADD CONSTRAINT auth_user_user_permi_permission_id_1fbb5f2c_fk_auth_perm FOREIGN KEY (permission_id) REFERENCES public.auth_permission(id) DEFERRABLE INITIALLY DEFERRED;


--
-- TOC entry 2837 (class 2606 OID 236705)
-- Name: auth_user_user_permissions auth_user_user_permissions_user_id_a95ead1b_fk_auth_user_id; Type: FK CONSTRAINT; Schema: public; Owner: admin
--

ALTER TABLE ONLY public.auth_user_user_permissions
    ADD CONSTRAINT auth_user_user_permissions_user_id_a95ead1b_fk_auth_user_id FOREIGN KEY (user_id) REFERENCES public.auth_user(id) DEFERRABLE INITIALLY DEFERRED;


--
-- TOC entry 2845 (class 2606 OID 244855)
-- Name: core_movimientos core_movimientos_Propiedad_id_4e415184_fk_core_propiedades_id; Type: FK CONSTRAINT; Schema: public; Owner: admin
--

ALTER TABLE ONLY public.core_movimientos
    ADD CONSTRAINT "core_movimientos_Propiedad_id_4e415184_fk_core_propiedades_id" FOREIGN KEY ("Propiedad_id") REFERENCES public.core_propiedades(id) DEFERRABLE INITIALLY DEFERRED;


--
-- TOC entry 2842 (class 2606 OID 244811)
-- Name: core_propiedades core_propiedades_solicitante_id_a1a75611_fk_core_solicitante_id; Type: FK CONSTRAINT; Schema: public; Owner: admin
--

ALTER TABLE ONLY public.core_propiedades
    ADD CONSTRAINT core_propiedades_solicitante_id_a1a75611_fk_core_solicitante_id FOREIGN KEY (solicitante_id) REFERENCES public.core_solicitante(id) DEFERRABLE INITIALLY DEFERRED;


--
-- TOC entry 2843 (class 2606 OID 244827)
-- Name: core_registro core_registro_administrador_id_09cb8e43_fk_auth_user_id; Type: FK CONSTRAINT; Schema: public; Owner: admin
--

ALTER TABLE ONLY public.core_registro
    ADD CONSTRAINT core_registro_administrador_id_09cb8e43_fk_auth_user_id FOREIGN KEY (administrador_id) REFERENCES public.auth_user(id) DEFERRABLE INITIALLY DEFERRED;


--
-- TOC entry 2844 (class 2606 OID 244861)
-- Name: core_registro core_registro_solicitante_id_57ee8d46_fk_core_solicitante_id; Type: FK CONSTRAINT; Schema: public; Owner: admin
--

ALTER TABLE ONLY public.core_registro
    ADD CONSTRAINT core_registro_solicitante_id_57ee8d46_fk_core_solicitante_id FOREIGN KEY (solicitante_id) REFERENCES public.core_solicitante(id) DEFERRABLE INITIALLY DEFERRED;


--
-- TOC entry 2841 (class 2606 OID 244867)
-- Name: core_solicitante core_solicitante_usuario_id_752f316f_fk_auth_user_id; Type: FK CONSTRAINT; Schema: public; Owner: admin
--

ALTER TABLE ONLY public.core_solicitante
    ADD CONSTRAINT core_solicitante_usuario_id_752f316f_fk_auth_user_id FOREIGN KEY (usuario_id) REFERENCES public.auth_user(id) DEFERRABLE INITIALLY DEFERRED;


--
-- TOC entry 2839 (class 2606 OID 236728)
-- Name: django_admin_log django_admin_log_content_type_id_c4bce8eb_fk_django_co; Type: FK CONSTRAINT; Schema: public; Owner: admin
--

ALTER TABLE ONLY public.django_admin_log
    ADD CONSTRAINT django_admin_log_content_type_id_c4bce8eb_fk_django_co FOREIGN KEY (content_type_id) REFERENCES public.django_content_type(id) DEFERRABLE INITIALLY DEFERRED;


--
-- TOC entry 2840 (class 2606 OID 236733)
-- Name: django_admin_log django_admin_log_user_id_c564eba6_fk_auth_user_id; Type: FK CONSTRAINT; Schema: public; Owner: admin
--

ALTER TABLE ONLY public.django_admin_log
    ADD CONSTRAINT django_admin_log_user_id_c564eba6_fk_auth_user_id FOREIGN KEY (user_id) REFERENCES public.auth_user(id) DEFERRABLE INITIALLY DEFERRED;


-- Completed on 2025-02-04 14:33:00

--
-- PostgreSQL database dump complete
--

